<beans xmlns="http://www.springframework.org/schema/beans"
	xmlns:xsi="http://www.w3.org/2001/XMLSchema-instance"
	xmlns:context="http://www.springframework.org/schema/context"
	xmlns:p="http://www.springframework.org/schema/p"
	xmlns:tx="http://www.springframework.org/schema/tx"
	xmlns:jdbc="http://www.springframework.org/schema/jdbc"
	xsi:schemaLocation="http://www.springframework.org/schema/beans
        http://www.springframework.org/schema/beans/spring-beans.xsd
        http://www.springframework.org/schema/mvc
        http://www.springframework.org/schema/mvc/spring-mvc.xsd
        http://www.springframework.org/schema/context
        http://www.springframework.org/schema/context/spring-context.xsd
        http://www.springframework.org/schema/tx http://www.springframework.org/schema/tx/spring-tx.xsd
		http://www.springframework.org/schema/jdbc http://www.springframework.org/schema/jdbc/spring-jdbc.xsd">

	<!-- Support annotation -->
	<context:annotation-config />

	<context:component-scan
		base-package="com.poc.EmployeeMS" />

	<!-- support annotation transaction -->
	<tx:annotation-driven
		transaction-manager="txManager" />

	<jdbc:embedded-database id="dataSource"
		type="H2">
		<jdbc:script location="classpath:sql/create-table.sql" />
		<jdbc:script location="classpath:sql/insert-data.sql" />
	</jdbc:embedded-database>

	<bean id="txManager"
		class="org.springframework.jdbc.datasource.DataSourceTransactionManager">
		<property name="dataSource" ref="dataSource" />
	</bean>

	<!-- spring jdbc template -->
	<bean id="jdbcTemplate"
		class="org.springframework.jdbc.core.JdbcTemplate">
		<property name="dataSource" ref="dataSource"></property>
	</bean>
	<!-- dao -->
	<bean id="employeeDao"
		class="com.poc.EmployeeMS.dao.impl.EmployeeDaoImpl">
	<property name="jdbcTemplate" ref = "jdbcTemplate"></property>
	</bean>

	<!-- service -->
	<bean id="employeeService"
		class="com.poc.EmployeeMS.service.impl.EmployeeServiceImpl">
		<property name="employeeDao" ref="employeeDao"></property>
	</bean>
</beans>
